time;gFx;gFy;gFz;Latitude;Longitude;Speed (m/s);Altitude (m);
0,098396;0,2169;0,5482;0,8883;0,00000000;0,00000000;0,00000000;191,80000000;
0,198549;0,2472;0,3968;1,0730;55,74795333;48,74286000;0,82046723;191,90000000;
0,298856;0,1349;0,4055;0,7935;55,74795500;48,74288000;1,11746192;191,90000000;
0,398886;0,0078;0,4769;0,6499;55,74795500;48,74288000;1,11746192;191,90000000;
0,499002;-0,0596;0,5492;0,8590;55,74795500;48,74288000;1,11746192;191,90000000;
0,599715;-0,2853;0,6059;0,9469;55,74795500;48,74288000;1,11746192;191,90000000;
0,700177;-0,1309;0,2531;1,3994;55,74795500;48,74288000;1,11746192;191,90000000;
0,800702;-0,0215;0,4417;0,7349;55,74795500;48,74288000;1,11746192;191,90000000;
0,900802;-0,0518;0,3303;0,7652;55,74795500;48,74288000;1,11746192;191,90000000;
1,001100;0,0147;0,3459;0,8170;55,74795500;48,74288000;1,11746192;191,90000000;
1,101166;0,0450;0,4212;1,1287;55,74795500;48,74288000;1,11746192;191,90000000;
1,201783;0,0762;0,3205;1,0554;55,74795500;48,74288000;1,11746192;191,90000000;
1,305996;0,1603;0,1906;1,0691;55,74795500;48,74288000;1,11746192;191,90000000;
1,402423;0,0205;0,3567;0,7945;55,74795500;48,74288000;1,11746192;191,90000000;
1,503493;-0,0459;0,3753;0,6626;55,74795500;48,74288000;1,11746192;191,90000000;
1,603850;-0,2678;0,2707;1,0427;55,74795500;48,74288000;1,11746192;191,90000000;
1,704532;-0,1065;0,2873;0,9176;55,74795500;48,74288000;1,11746192;191,90000000;
1,804827;0,0342;0,5600;1,0339;55,74795500;48,74288000;1,11746192;191,90000000;
1,905544;0,2257;0,3694;1,1277;55,74795500;48,74288000;1,11746192;191,90000000;
2,006396;0,2824;0,3264;0,7241;55,74795500;48,74288000;1,11746192;191,90000000;
2,106751;0,0635;0,3498;0,7046;55,74795500;48,74288000;1,11746192;191,90000000;
2,207100;0,0293;0,4681;0,8013;55,74795500;48,74288000;1,11746192;191,90000000;
2,323849;0,2228;0,5365;0,9078;55,74797000;48,74289833;1,11849141;191,90000000;
2,408502;0,2619;0,3147;1,3437;55,74797000;48,74289833;1,11849141;191,90000000;
2,508979;0,1476;0,3362;0,8072;55,74797000;48,74289833;1,11849141;191,90000000;
2,609813;-0,0020;0,4202;0,6215;55,74797000;48,74289833;1,11849141;191,90000000;
2,710040;0,0577;0,4827;0,7359;55,74797000;48,74289833;1,11849141;191,90000000;
2,810293;-0,0371;0,5570;0,9352;55,74797000;48,74289833;1,11849141;191,90000000;
2,911189;0,1270;0,4407;1,2225;55,74797000;48,74289833;1,11849141;191,90000000;
3,011918;-0,0078;0,3821;0,8971;55,74797000;48,74289833;1,11849141;191,90000000;
3,112540;0,1837;0,3391;0,6274;55,74797000;48,74289833;1,11849141;191,90000000;
3,211935;0,1837;0,3938;0,5209;55,74797000;48,74289833;1,11849141;191,80000000;
3,313224;0,2257;0,4573;0,6997;55,74798167;48,74289500;1,19003773;191,80000000;
3,413878;0,3323;0,4231;0,9714;55,74798167;48,74289500;1,19003773;191,80000000;
3,514434;0,3860;0,3029;1,1375;55,74798167;48,74289500;1,19003773;191,80000000;
3,614673;0,3948;0,3753;0,7935;55,74798167;48,74289500;1,19003773;191,80000000;
3,715777;0,0283;0,3792;0,5297;55,74798167;48,74289500;1,19003773;191,80000000;
3,816302;-0,0577;0,4779;0,8052;55,74798167;48,74289500;1,19003773;191,80000000;
3,916823;0,0889;0,5111;1,4737;55,74798167;48,74289500;1,19003773;191,80000000;
4,017598;0,0537;0,1339;1,0818;55,74798167;48,74289500;1,19003773;191,80000000;
4,117976;0,3889;0,1524;0,8179;55,74798167;48,74289500;1,19003773;191,80000000;
4,217861;0,1319;0,1837;0,5140;55,74798167;48,74289500;1,19003773;191,70000000;
4,318327;0,4349;0,4534;0,7769;55,74799167;48,74289833;1,15143359;191,70000000;
4,419489;0,3088;0,3489;1,0847;55,74799167;48,74289833;1,15143359;191,70000000;
4,520043;0,4476;0,2599;1,5626;55,74799167;48,74289833;1,15143359;191,70000000;
4,620713;0,4134;0,3235;0,7339;55,74799167;48,74289833;1,15143359;191,70000000;
4,720792;-0,2179;0,2932;0,4525;55,74799167;48,74289833;1,15143359;191,70000000;
4,821580;-0,1368;0,5277;0,8619;55,74799167;48,74289833;1,15143359;191,70000000;
4,921600;-0,2150;0,6440;0,8961;55,74799167;48,74289833;1,15143359;191,70000000;
5,022533;-0,0596;0,3352;1,4228;55,74799167;48,74289833;1,15143359;191,70000000;
5,122713;-0,0381;0,3039;0,9538;55,74799167;48,74289833;1,15143359;191,70000000;
5,223489;0,0840;0,2404;0,8521;55,74799167;48,74289833;1,15143359;191,60000000;
5,324200;0,1437;0,4456;0,5756;55,74800667;48,74289000;1,54674029;191,60000000;
5,424809;0,1466;0,4603;0,9411;55,74800667;48,74289000;1,54674029;191,60000000;
5,525162;0,2580;0,4710;0,9821;55,74800667;48,74289000;1,54674029;191,60000000;
5,625914;0,2717;0,3078;1,0388;55,74800667;48,74289000;1,54674029;191,60000000;
5,726078;0,1642;0,2648;0,7955;55,74800667;48,74289000;1,54674029;191,60000000;
5,826822;-0,0137;0,3733;0,6069;55,74800667;48,74289000;1,54674029;191,60000000;
5,927406;-0,0977;0,4935;0,7730;55,74800667;48,74289000;1,54674029;191,60000000;
6,028202;-0,0518;0,4456;1,2333;55,74800667;48,74289000;1,54674029;191,60000000;
6,130418;0,1300;0,3274;1,3886;55,74800667;48,74289000;1,54674029;191,60000000;
6,230289;0,1485;0,3264;0,9782;55,74800667;48,74289000;1,54674029;191,40000000;
6,331137;0,1847;0,2766;0,7202;55,74802500;48,74288000;1,54776967;191,40000000;
6,431682;0,2599;0,4046;0,7056;55,74802500;48,74288000;1,54776967;191,40000000;
6,532233;0,2707;0,4466;0,9538;55,74802500;48,74288000;1,54776967;191,40000000;
6,632702;0,3665;0,3958;1,1131;55,74802500;48,74288000;1,54776967;191,40000000;
6,733589;0,3020;0,3596;0,9215;55,74802500;48,74288000;1,54776967;191,40000000;
6,833936;0,0332;0,3068;0,7153;55,74802500;48,74288000;1,54776967;191,40000000;
6,934077;-0,0860;0,4339;0,6430;55,74802500;48,74288000;1,54776967;191,40000000;
7,034774;-0,2003;0,6010;0,7964;55,74802500;48,74288000;1,54776967;191,40000000;
7,135377;-0,0821;0,4525;1,2929;55,74802500;48,74288000;1,54776967;191,40000000;
7,235994;-0,0782;0,4691;0,8082;55,74802500;48,74288000;1,54776967;191,30000000;
7,336711;0,1906;0,2658;0,9430;55,74806000;48,74283333;0,99238443;191,30000000;
7,436468;0,0733;0,3704;0,5238;55,74806000;48,74283333;0,99238443;191,30000000;
7,537647;0,2169;0,4955;0,8316;55,74806000;48,74283333;0,99238443;191,30000000;
7,638691;0,2238;0,4173;1,0691;55,74806000;48,74283333;0,99238443;191,30000000;
7,738608;0,3205;0,2932;1,1932;55,74806000;48,74283333;0,99238443;191,30000000;
7,839082;0,2873;0,3977;0,7906;55,74806000;48,74283333;0,99238443;191,30000000;
7,939924;0,0479;0,4007;0,6029;55,74806000;48,74283333;0,99238443;191,30000000;
8,040305;-0,0450;0,5150;0,8111;55,74806000;48,74283333;0,99238443;191,30000000;
8,140790;0,0078;0,5316;1,1453;55,74806000;48,74283333;0,99238443;191,30000000;
8,239910;0,0362;0,4261;1,1903;55,74806000;48,74283333;0,99238443;191,30000000;
8,340388;-0,0147;0,3968;0,7808;55,74806000;48,74283333;0,99238443;191,30000000;
8,441460;0,1515;0,3313;0,7603;55,74806000;48,74283333;0,99238443;191,20000000;
8,541850;0,1300;0,4270;0,6196;55,74807333;48,74283667;1,07937253;191,20000000;
8,642782;0,2404;0,5365;0,8541;55,74807333;48,74283667;1,07937253;191,20000000;
8,743067;0,2717;0,5453;0,9323;55,74807333;48,74283667;1,07937253;191,20000000;
8,844042;0,1280;0,4251;0,9460;55,74807333;48,74283667;1,07937253;191,20000000;
8,944370;0,0752;0,3938;0,8131;55,74807333;48,74283667;1,07937253;191,20000000;
9,044670;-0,0049;0,4886;0,5942;55,74807333;48,74283667;1,07937253;191,20000000;
9,145182;-0,0987;0,5707;0,7847;55,74807333;48,74283667;1,07937253;191,20000000;
9,245813;-0,0528;0,5502;1,1414;55,74807333;48,74283667;1,07937253;191,20000000;
9,346158;0,1358;0,3977;1,4004;55,74807333;48,74283667;1,07937253;191,20000000;
9,447253;0,1192;0,4788;0,7300;55,74807333;48,74283667;1,07937253;191,10000000;
9,548563;0,1153;0,4095;0,6772;55,74808333;48,74285667;0,90591109;191,10000000;
9,648820;0,1994;0,4495;0,7329;55,74808333;48,74285667;0,90591109;191,10000000;
9,749670;0,2023;0,4495;0,9772;55,74808333;48,74285667;0,90591109;191,10000000;
9,850259;0,2922;0,4153;1,2059;55,74808333;48,74285667;0,90591109;191,10000000;
9,950732;0,2267;0,3997;0,8990;55,74808333;48,74285667;0,90591109;191,10000000;
10,051484;0,1554;0,3225;0,8658;55,74808333;48,74285667;0,90591109;191,10000000;
10,151927;0,0674;0,4368;0,6215;55,74808333;48,74285667;0,90591109;191,10000000;
10,252409;-0,0508;0,5170;0,8560;55,74808333;48,74285667;0,90591109;191,10000000;
10,353135;0,1192;0,4476;1,1297;55,74808333;48,74285667;0,90591109;191,10000000;
10,453258;-0,0870;0,3616;0,7622;55,74808333;48,74285667;0,90591109;191,00000000;
10,553977;0,2121;0,2609;1,0378;55,74809000;48,74287000;0,80451083;191,00000000;
10,654488;0,1055;0,3166;0,6694;55,74809000;48,74287000;0,80451083;191,00000000;
10,754930;0,1769;0,4143;0,7935;55,74809000;48,74287000;0,80451083;191,00000000;
10,855157;0,2873;0,3684;1,1424;55,74809000;48,74287000;0,80451083;191,00000000;
10,955717;0,4095;0,2629;1,2499;55,74809000;48,74287000;0,80451083;191,00000000;
11,056678;0,3928;0,3606;0,6841;55,74809000;48,74287000;0,80451083;191,00000000;
11,157227;0,0889;0,2443;0,6684;55,74809000;48,74287000;0,80451083;191,00000000;
11,257602;0,0870;0,3713;0,6987;55,74809000;48,74287000;0,80451083;191,00000000;
11,358089;0,0127;0,4241;0,8961;55,74809000;48,74287000;0,80451083;191,00000000;
11,458262;0,0039;0,3215;1,2909;55,74809000;48,74287000;0,80451083;191,00000000;
11,558554;0,0870;0,2033;1,5069;55,74809000;48,74287000;0,80451083;191,00000000;
11,659551;0,2453;0,1915;1,0613;55,74809000;48,74287000;0,80451083;191,00000000;
11,760287;0,0616;0,2111;0,6997;55,74809000;48,74287000;0,80451083;191,00000000;
11,860666;0,1524;0,3391;0,7290;55,74809000;48,74287000;0,80451083;191,00000000;
11,960661;0,1906;0,3811;0,8277;55,74809000;48,74287000;0,80451083;191,00000000;
12,062223;0,2277;0,3313;0,9909;55,74809000;48,74287000;0,80451083;191,00000000;
12,161825;0,2140;0,2169;1,1805;55,74809000;48,74287000;0,80451083;191,00000000;
12,262373;0,2238;0,1818;0,7916;55,74809000;48,74287000;0,80451083;191,00000000;
12,362481;0,0205;0,2658;0,6440;55,74809000;48,74287000;0,80451083;191,00000000;
12,463590;-0,0137;0,3068;0,8736;55,74809000;48,74287000;0,80451083;190,80000000;
12,564410;-0,1261;0,3274;1,0769;55,74809667;48,74288667;0,35052583;190,80000000;
12,664958;-0,1505;0,2883;1,0105;55,74809667;48,74288667;0,35052583;190,80000000;
12,765307;-0,0772;0,1358;0,9391;55,74809667;48,74288667;0,35052583;190,80000000;
12,865722;0,1456;0,1407;1,0681;55,74809667;48,74288667;0,35052583;190,80000000;
12,966008;0,1681;0,2746;0,6831;55,74809667;48,74288667;0,35052583;190,80000000;
13,066607;0,0919;0,1681;0,8942;55,74809667;48,74288667;0,35052583;190,80000000;
13,167646;0,1065;0,2111;0,9411;55,74809667;48,74288667;0,35052583;190,80000000;
13,268687;0,0537;0,2560;0,9313;55,74809667;48,74288667;0,35052583;190,80000000;
13,367751;0,1329;0,3469;0,8756;55,74809667;48,74288667;0,35052583;190,80000000;
13,468224;-0,0547;0,3196;0,9088;55,74809667;48,74288667;0,35052583;190,80000000;
13,569317;0,0264;0,3176;1,0945;55,74809667;48,74288667;0,35052583;190,80000000;
13,669810;-0,1085;-0,0137;1,3623;55,74809667;48,74288667;0,35052583;190,80000000;
13,770500;0,1544;0,1573;0,7241;55,74809667;48,74288667;0,35052583;190,80000000;
13,871172;0,1564;0,2101;0,5560;55,74809667;48,74288667;0,35052583;190,80000000;
13,971701;0,2726;0,2531;0,7759;55,74809667;48,74288667;0,35052583;190,80000000;
14,072191;0,4358;-0,1134;1,8558;55,74809667;48,74288667;0,35052583;190,80000000;
14,173258;0,2199;0,4368;0,8785;55,74809667;48,74288667;0,35052583;190,80000000;
14,273424;-0,0274;0,3440;0,4798;55,74809667;48,74288667;0,35052583;190,80000000;
14,373648;-0,2736;0,2883;0,7349;55,74809667;48,74288667;0,35052583;190,80000000;
14,474806;-0,3235;0,1456;1,6163;55,74809667;48,74288667;0,35052583;190,80000000;
14,576105;-0,1163;0,1192;1,2704;55,74809667;48,74288667;0,35052583;190,80000000;
14,676573;0,1779;0,1808;0,8189;55,74809667;48,74288667;0,35052583;190,80000000;
14,777324;0,2511;0,2199;0,6274;55,74809667;48,74288667;0,35052583;190,80000000;
14,877792;0,5472;0,2814;0,8697;55,74809667;48,74288667;0,35052583;190,80000000;
14,977957;0,6518;0,1222;1,4228;55,74809667;48,74288667;0,35052583;190,80000000;
15,079224;0,1124;0,3801;1,0105;55,74809667;48,74288667;0,35052583;190,80000000;
15,179682;-0,0186;0,2678;0,7544;55,74809667;48,74288667;0,35052583;190,80000000;
15,281007;-0,2726;0,2404;0,9557;55,74809667;48,74288667;0,35052583;190,80000000;
15,382813;-0,2081;0,0322;1,2714;55,74809667;48,74288667;0,35052583;191,10000000;
15,481166;0,2629;-0,1564;1,9193;55,74809833;48,74290833;0,16677000;191,10000000;
15,581854;0,2922;0,1534;1,0144;55,74809833;48,74290833;0,16677000;191,10000000;
15,683403;-0,0303;0,0029;0,7163;55,74809833;48,74290833;0,16677000;191,10000000;
15,783018;0,1876;0,2160;0,6880;55,74809833;48,74290833;0,16677000;191,10000000;
15,883310;0,3147;0,3440;1,0065;55,74809833;48,74290833;0,16677000;191,10000000;
15,984075;0,3411;0,3479;1,0495;55,74809833;48,74290833;0,16677000;191,10000000;
16,084221;0,2697;0,3098;1,0886;55,74809833;48,74290833;0,16677000;191,10000000;
16,185417;0,2443;0,2238;0,8170;55,74809833;48,74290833;0,16677000;191,10000000;
16,285916;-0,0967;0,3010;0,6166;55,74809833;48,74290833;0,16677000;191,10000000;
16,386295;0,0088;0,5365;0,6391;55,74809833;48,74290833;0,16677000;191,20000000;
16,493337;-0,0831;0,4827;1,0877;55,74809333;48,74295000;0,56310612;191,20000000;
16,588214;0,0274;0,1847;1,4307;55,74809333;48,74295000;0,56310612;191,20000000;
16,688725;0,1720;0,2707;1,0740;55,74809333;48,74295000;0,56310612;191,20000000;
16,788991;0,1583;0,2287;0,6948;55,74809333;48,74295000;0,56310612;191,20000000;
16,889924;0,3313;0,4525;0,6069;55,74809333;48,74295000;0,56310612;191,20000000;
16,990340;0,2580;0,3733;1,0818;55,74809333;48,74295000;0,56310612;191,20000000;
17,091249;0,1779;0,1544;1,2254;55,74809333;48,74295000;0,56310612;191,20000000;
17,191864;0,4495;0,4007;0,8131;55,74809333;48,74295000;0,56310612;191,20000000;
17,292255;-0,0772;0,3381;0,4955;55,74809333;48,74295000;0,56310612;191,20000000;
17,392210;-0,0909;0,3811;0,9245;55,74809333;48,74295000;0,56310612;191,20000000;
17,509448;0,0997;0,1954;1,5978;55,74808833;48,74298167;0,50854558;191,20000000;
17,593576;0,1016;0,3850;1,1649;55,74808833;48,74298167;0,50854558;191,20000000;
17,694215;-0,0254;0,1153;0,9977;55,74808833;48,74298167;0,50854558;191,20000000;
17,794678;0,3293;0,2814;0,6704;55,74808833;48,74298167;0,50854558;191,20000000;
17,895774;0,4095;0,3684;0,6958;55,74808833;48,74298167;0,50854558;191,20000000;
17,996796;0,2375;-0,0166;1,6593;55,74808833;48,74298167;0,50854558;191,20000000;
18,097906;0,5023;0,3225;0,9782;55,74808833;48,74298167;0,50854558;191,20000000;
18,198279;-0,0215;0,3274;0,5814;55,74808833;48,74298167;0,50854558;191,20000000;
18,298939;-0,0938;0,3352;0,7544;55,74808833;48,74298167;0,50854558;191,20000000;
18,399759;-0,0811;0,2140;1,3955;55,74808833;48,74298167;0,50854558;191,20000000;
18,499785;0,0225;0,0743;1,6026;55,74808333;48,74301667;0,44935250;191,20000000;
18,600637;0,4368;0,0977;1,3984;55,74808333;48,74301667;0,44935250;191,20000000;
18,700973;0,2072;0,1388;0,5697;55,74808333;48,74301667;0,44935250;191,20000000;
18,801549;0,5013;0,2941;0,5766;55,74808333;48,74301667;0,44935250;191,20000000;
18,901772;0,4153;0,1065;0,9802;55,74808333;48,74301667;0,44935250;191,20000000;
19,002530;-0,0518;-0,0762;1,8030;55,74808333;48,74301667;0,44935250;191,20000000;
19,102875;0,3635;0,3205;0,8082;55,74808333;48,74301667;0,44935250;191,20000000;
19,203842;-0,0919;0,2013;0,5531;55,74808333;48,74301667;0,44935250;191,20000000;
19,304625;-0,1222;0,4270;0,8199;55,74808333;48,74301667;0,44935250;191,20000000;
19,404420;-0,2697;0,1915;1,5948;55,74808333;48,74301667;0,44935250;191,30000000;
19,506047;-0,0459;-0,0557;1,2811;55,74807833;48,74305167;0,42104277;191,30000000;
19,606495;0,2375;0,0195;0,8697;55,74807833;48,74305167;0,42104277;191,30000000;
19,707257;0,2834;0,1720;0,5639;55,74807833;48,74305167;0,42104277;191,30000000;
19,807960;0,5678;0,3225;0,7505;55,74807833;48,74305167;0,42104277;191,30000000;
19,909192;0,3694;0,1163;1,0877;55,74807833;48,74305167;0,42104277;191,30000000;
20,008604;0,4544;0,0958;1,2763;55,74807833;48,74305167;0,42104277;191,30000000;
20,109401;0,0713;0,1437;0,5453;55,74807833;48,74305167;0,42104277;191,30000000;
20,209873;-0,2228;0,2062;0,4769;55,74807833;48,74305167;0,42104277;191,30000000;
20,310264;-0,1700;0,2922;1,0593;55,74807833;48,74305167;0,42104277;191,30000000;
20,410389;-0,0919;0,1456;1,7580;55,74807833;48,74305167;0,42104277;191,30000000;
20,511136;0,0586;0,0967;1,1697;55,74807667;48,74308000;0,43236667;191,30000000;
20,611399;0,1124;0,1046;0,7525;55,74807667;48,74308000;0,43236667;191,30000000;
20,711972;0,2472;0,2492;0,4613;55,74807667;48,74308000;0,43236667;191,30000000;
20,811858;0,6166;0,4016;0,9782;55,74807667;48,74308000;0,43236667;191,30000000;
20,912877;0,1476;0,2541;1,0486;55,74807667;48,74308000;0,43236667;191,30000000;
21,012850;0,4661;0,5267;0,8238;55,74807667;48,74308000;0,43236667;191,30000000;
21,113545;-0,0752;0,3225;0,4906;55,74807667;48,74308000;0,43236667;191,30000000;
21,213754;-0,1290;0,5248;0,6293;55,74807667;48,74308000;0,43236667;191,30000000;
21,313670;-0,3323;0,6020;0,8473;55,74807667;48,74308000;0,43236667;191,30000000;
21,415150;-0,0557;0,5629;1,1609;55,74807667;48,74308000;0,43236667;191,30000000;
21,516153;-0,0586;0,3450;0,8922;55,74808500;48,74309333;0,49464807;191,30000000;
21,618630;0,2296;0,3029;0,7691;55,74808500;48,74309333;0,49464807;191,30000000;
21,718792;0,2775;0,4026;0,4534;55,74808500;48,74309333;0,49464807;191,30000000;
21,818994;0,3567;0,4485;0,9127;55,74808500;48,74309333;0,49464807;191,30000000;
21,919985;0,4026;0,5717;0,8082;55,74808500;48,74309333;0,49464807;191,30000000;
22,021160;0,2639;0,4173;0,9420;55,74808500;48,74309333;0,49464807;191,30000000;
22,122161;0,1437;0,3586;0,5981;55,74808500;48,74309333;0,49464807;191,30000000;
22,221785;-0,1427;0,4681;0,6489;55,74808500;48,74309333;0,49464807;191,30000000;
22,322261;-0,2042;0,6039;0,9098;55,74808500;48,74309333;0,49464807;191,30000000;
22,422629;0,0655;0,3762;1,6066;55,74808500;48,74309333;0,49464807;191,30000000;
22,523148;0,0665;0,3518;1,0828;55,74809500;48,74310500;0,57031220;191,30000000;
22,624237;0,1222;0,3117;0,6459;55,74809500;48,74310500;0,57031220;191,30000000;
22,724750;0,2893;0,4046;0,4984;55,74809500;48,74310500;0,57031220;191,30000000;
22,825506;0,4505;0,3068;0,9147;55,74809500;48,74310500;0,57031220;191,30000000;
22,925834;0,1192;0,0645;1,3368;55,74809500;48,74310500;0,57031220;191,30000000;
23,026749;0,4163;0,3264;1,3652;55,74809500;48,74310500;0,57031220;191,30000000;
23,127358;-0,0733;0,2551;0,5961;55,74809500;48,74310500;0,57031220;191,30000000;
23,227621;-0,1564;0,3029;0,6919;55,74809500;48,74310500;0,57031220;191,30000000;
23,328044;-0,1603;0,2717;1,0075;55,74809500;48,74310500;0,57031220;191,30000000;
23,429166;-0,0166;0,2081;1,4561;55,74809500;48,74310500;0,57031220;191,30000000;
23,529686;-0,1505;0,0186;0,8209;55,74810833;48,74311500;0,63465250;191,30000000;
23,630244;0,1622;0,0694;0,9176;55,74810833;48,74311500;0,63465250;191,30000000;
23,730710;0,1378;0,1837;0,5619;55,74810833;48,74311500;0,63465250;191,30000000;
23,831310;0,4114;0,3801;0,7701;55,74810833;48,74311500;0,63465250;191,30000000;
23,932196;0,2248;0,3606;1,1062;55,74810833;48,74311500;0,63465250;191,30000000;
24,032704;0,1671;0,0596;1,3378;55,74810833;48,74311500;0,63465250;191,30000000;
24,132548;0,0528;-0,0186;0,9772;55,74810833;48,74311500;0,63465250;191,30000000;
24,233341;-0,3342;0,1280;0,5590;55,74810833;48,74311500;0,63465250;191,30000000;
24,335259;-0,1779;0,4593;0,8297;55,74810833;48,74311500;0,63465250;191,30000000;
24,434816;-0,1593;0,2766;1,5000;55,74810833;48,74311500;0,63465250;191,30000000;
24,535232;-0,1378;-0,0303;1,3447;55,74812000;48,74312333;0,70928723;191,30000000;
24,636216;0,2824;0,1339;1,0857;55,74812000;48,74312333;0,70928723;191,30000000;
24,736865;0,0528;0,1251;0,5844;55,74812000;48,74312333;0,70928723;191,30000000;
24,837726;0,3117;0,4183;0,5140;55,74812000;48,74312333;0,70928723;191,30000000;
24,938196;0,3626;0,1788;1,1248;55,74812000;48,74312333;0,70928723;191,30000000;
25,038633;0,0616;-0,0254;1,6799;55,74812000;48,74312333;0,70928723;191,30000000;
25,139002;0,5209;0,3049;0,8668;55,74812000;48,74312333;0,70928723;191,30000000;
25,239591;-0,2042;0,1466;0,4935;55,74812000;48,74312333;0,70928723;191,30000000;
25,339862;-0,1016;0,3762;0,6997;55,74812000;48,74312333;0,70928723;191,30000000;
25,440405;-0,2267;0,3293;1,0447;55,74812000;48,74312333;0,70928723;191,30000000;
25,540470;0,1495;0,0694;1,8890;55,74813000;48,74313333;0,78443664;191,30000000;
25,641194;0,0655;0,1896;0,9381;55,74813000;48,74313333;0,78443664;191,30000000;
25,741715;-0,0215;0,0528;0,7075;55,74813000;48,74313333;0,78443664;191,30000000;
25,841591;0,1954;0,2511;0,4603;55,74813000;48,74313333;0,78443664;191,30000000;
25,942255;0,4417;0,2805;0,9039;55,74813000;48,74313333;0,78443664;191,30000000;
26,043137;0,1681;0,0880;1,2079;55,74813000;48,74313333;0,78443664;191,30000000;
26,143603;0,2756;0,3391;1,0192;55,74813000;48,74313333;0,78443664;191,30000000;
26,244157;-0,0811;0,2609;0,6635;55,74813000;48,74313333;0,78443664;191,30000000;
26,344454;-0,0596;0,3342;0,7955;55,74813000;48,74313333;0,78443664;191,30000000;
26,444933;-0,0303;0,3459;0,9909;55,74813000;48,74313333;0,78443664;191,20000000;
26,545527;0,0792;0,0283;2,0317;55,74814167;48,74314167;0,84620333;191,20000000;
26,646225;0,4446;0,2023;1,2284;55,74814167;48,74314167;0,84620333;191,20000000;
26,747743;0,1368;0,1788;0,5521;55,74814167;48,74314167;0,84620333;191,20000000;
26,846921;0,3176;0,3362;0,5697;55,74814167;48,74314167;0,84620333;191,20000000;
26,947354;0,3792;0,2961;1,0339;55,74814167;48,74314167;0,84620333;191,20000000;
27,047986;-0,0713;0,2658;1,1189;55,74814167;48,74314167;0,84620333;191,20000000;
27,148164;0,2990;0,3244;1,0632;55,74814167;48,74314167;0,84620333;191,20000000;
27,248970;-0,0147;0,2941;0,4994;55,74814167;48,74314167;0,84620333;191,20000000;
27,349381;-0,1505;0,4798;0,5893;55,74814167;48,74314167;0,84620333;191,20000000;
27,449680;-0,2267;0,7671;0,9323;55,74814167;48,74314167;0,84620333;191,20000000;
27,550483;-0,2375;0,2580;1,0202;55,74815167;48,74315167;0,90488166;191,20000000;
27,651073;0,0752;0,1329;0,5433;55,74815167;48,74315167;0,90488166;191,20000000;
27,751599;0,2775;0,2502;0,4710;55,74815167;48,74315167;0,90488166;191,20000000;
27,852067;0,4915;0,2883;1,3075;55,74815167;48,74315167;0,90488166;191,20000000;
27,952537;0,1495;-0,0498;1,5821;55,74815167;48,74315167;0,90488166;191,20000000;
28,052620;0,3049;0,4339;1,0837;55,74815167;48,74315167;0,90488166;191,20000000;
28,153379;-0,2492;0,3215;0,4955;55,74815167;48,74315167;0,90488166;191,20000000;
28,254076;-0,2981;0,3782;1,1609;55,74815167;48,74315167;0,90488166;191,20000000;
28,354673;0,1349;0,3958;1,3818;55,74815167;48,74315167;0,90488166;191,20000000;
28,454957;0,2394;0,1984;1,0144;55,74815167;48,74315167;0,90488166;191,10000000;
28,555444;0,1134;0,1358;0,5287;55,74816167;48,74316333;0,93782389;191,10000000;
28,655646;0,2209;0,3401;0,5629;55,74816167;48,74316333;0,93782389;191,10000000;
28,756545;0,5287;0,4261;1,0808;55,74816167;48,74316333;0,93782389;191,10000000;
28,857011;0,2130;0,1554;1,5254;55,74816167;48,74316333;0,93782389;191,10000000;
28,957335;0,4476;0,4055;0,8033;55,74816167;48,74316333;0,93782389;191,10000000;
29,058449;-0,0567;0,3068;0,5678;55,74816167;48,74316333;0,93782389;191,10000000;
29,158589;-0,0713;0,5121;0,7144;55,74816167;48,74316333;0,93782389;191,10000000;
29,258386;-0,1661;0,4984;1,2772;55,74816167;48,74316333;0,93782389;191,10000000;
29,359048;0,1544;0,2091;1,5851;55,74816167;48,74316333;0,93782389;191,10000000;
29,459790;0,2668;0,2795;0,9704;55,74816167;48,74316333;0,93782389;191,20000000;
29,560491;0,0645;0,2414;0,6235;55,74816833;48,74317500;0,93061775;191,20000000;
29,660953;0,1808;0,4143;0,6391;55,74816833;48,74317500;0,93061775;191,20000000;
29,761663;0,3704;0,4183;1,1473;55,74816833;48,74317500;0,93061775;191,20000000;
29,862045;0,4065;0,1876;1,4512;55,74816833;48,74317500;0,93061775;191,20000000;
29,962554;0,5257;0,3938;0,7446;55,74816833;48,74317500;0,93061775;191,20000000;
30,063118;-0,0811;0,1974;0,5082;55,74816833;48,74317500;0,93061775;191,20000000;
30,163628;-0,0088;0,4661;0,5619;55,74816833;48,74317500;0,93061775;191,20000000;
30,264089;-0,0723;0,5531;1,2147;55,74816833;48,74317500;0,93061775;191,20000000;
30,367081;0,1016;0,3889;1,4101;55,74816833;48,74317500;0,93061775;191,20000000;
30,468262;0,2062;0,3586;1,0622;55,74816833;48,74317500;0,93061775;191,10000000;
30,568665;0,1593;0,2218;0,8463;55,74818167;48,74319167;0,93525028;191,10000000;
30,669614;0,1231;0,3469;0,3713;55,74818167;48,74319167;0,93525028;191,10000000;
30,769891;0,3352;0,5072;0,7104;55,74818167;48,74319167;0,93525028;191,10000000;
30,870239;0,4349;0,1075;1,1864;55,74818167;48,74319167;0,93525028;191,10000000;
30,970592;0,4652;0,2678;1,1688;55,74818167;48,74319167;0,93525028;191,10000000;
31,071239;0,1720;0,2316;0,7378;55,74818167;48,74319167;0,93525028;191,10000000;
31,171424;-0,0762;0,3733;0,4183;55,74818167;48,74319167;0,93525028;191,10000000;
31,272110;-0,1329;0,5179;0,7867;55,74818167;48,74319167;0,93525028;191,10000000;
31,372578;-0,1818;0,5590;1,2196;55,74818167;48,74319167;0,93525028;191,10000000;
31,473737;-0,0880;0,2511;1,3623;55,74818167;48,74319167;0,93525028;191,20000000;
31,574474;0,1261;0,1935;0,9743;55,74819333;48,74320500;0,92598528;191,20000000;
31,674018;0,1632;0,2756;0,6528;55,74819333;48,74320500;0,92598528;191,20000000;
31,775776;0,0870;0,4016;0,5981;55,74819333;48,74320500;0,92598528;191,20000000;
31,876218;0,3137;0,4192;1,0329;55,74819333;48,74320500;0,92598528;191,20000000;
31,976398;0,4290;0,3440;1,2127;55,74819333;48,74320500;0,92598528;191,20000000;
32,077317;0,3156;0,2922;0,8707;55,74819333;48,74320500;0,92598528;191,20000000;
32,177813;0,0967;0,2531;0,6714;55,74819333;48,74320500;0,92598528;191,20000000;
32,278688;-0,0088;0,3674;0,5042;55,74819333;48,74320500;0,92598528;191,20000000;
32,385726;0,0215;0,4827;0,8101;55,74819333;48,74320500;0,92598528;191,30000000;
32,479627;-0,0938;0,4691;1,2753;55,74820333;48,74322000;0,91466141;191,30000000;
32,580210;0,1202;0,2893;1,3368;55,74820333;48,74322000;0,91466141;191,30000000;
32,680089;0,1652;0,0557;1,0173;55,74820333;48,74322000;0,91466141;191,30000000;
32,781513;-0,0078;0,0381;0,6254;55,74820333;48,74322000;0,91466141;191,30000000;
32,882317;0,2590;0,3352;0,6225;55,74820333;48,74322000;0,91466141;191,30000000;
32,983066;0,4398;0,3840;1,0896;55,74820333;48,74322000;0,91466141;191,30000000;
33,083828;0,3293;0,0244;1,3662;55,74820333;48,74322000;0,91466141;191,30000000;
33,184393;0,4437;-0,0029;1,1570;55,74820333;48,74322000;0,91466141;191,30000000;
33,284706;0,0518;-0,0098;0,5297;55,74820333;48,74322000;0,91466141;191,30000000;
33,388831;-0,0704;0,1720;0,3811;55,74820333;48,74322000;0,91466141;191,40000000;
33,485927;0,2687;0,5834;0,9714;55,74821333;48,74323167;0,92495584;191,40000000;
33,585742;-0,5414;0,2511;1,7150;55,74821333;48,74323167;0,92495584;191,40000000;
33,686538;-0,3498;-0,2384;1,2694;55,74821333;48,74323167;0,92495584;191,40000000;
33,787321;-0,0371;-0,0371;0,6489;55,74821333;48,74323167;0,92495584;191,40000000;
33,888379;0,0205;0,0831;0,4740;55,74821333;48,74323167;0,92495584;191,40000000;
33,988442;0,2941;0,3205;0,9010;55,74821333;48,74323167;0,92495584;191,40000000;
34,089615;0,2941;0,1915;1,3730;55,74821333;48,74323167;0,92495584;191,40000000;
34,189247;0,3440;0,0919;1,5821;55,74821333;48,74323167;0,92495584;191,40000000;
34,289836;0,4554;0,1476;0,7906;55,74821333;48,74323167;0,92495584;191,40000000;
34,390116;-0,1339;0,0899;0,5502;55,74821333;48,74323167;0,92495584;191,50000000;
34,492136;-0,0792;0,3274;0,5756;55,74822667;48,74324500;0,91877919;191,50000000;
34,592276;-0,0039;0,4114;1,2274;55,74822667;48,74324500;0,91877919;191,50000000;
34,692519;0,0430;0,2609;1,5274;55,74822667;48,74324500;0,91877919;191,50000000;
34,793470;-0,1241;0,0244;1,0837;55,74822667;48,74324500;0,91877919;191,50000000;
34,894468;-0,0078;0,0166;0,8619;55,74822667;48,74324500;0,91877919;191,50000000;
34,994365;0,1016;0,1329;0,4573;55,74822667;48,74324500;0,91877919;191,50000000;
35,094605;0,2394;0,3928;0,7749;55,74822667;48,74324500;0,91877919;191,50000000;
35,194874;0,2453;0,1954;1,3408;55,74822667;48,74324500;0,91877919;191,50000000;
35,297929;0,1994;-0,0332;1,7737;55,74822667;48,74324500;0,91877919;191,50000000;
35,398085;0,2560;0,0068;0,7661;55,74822667;48,74324500;0,91877919;191,60000000;
35,498385;-0,1202;0,1104;0,4358;55,74823667;48,74325667;0,93679446;191,60000000;
35,599681;-0,1964;0,3450;0,6831;55,74823667;48,74325667;0,93679446;191,60000000;
35,700442;-0,2599;0,3713;1,2450;55,74823667;48,74325667;0,93679446;191,60000000;
35,800283;-0,1593;0,1222;1,6974;55,74823667;48,74325667;0,93679446;191,60000000;
35,900993;-0,1329;-0,0342;1,0622;55,74823667;48,74325667;0,93679446;191,60000000;
36,001838;0,0059;0,0186;0,6293;55,74823667;48,74325667;0,93679446;191,60000000;
36,102324;0,0831;0,2365;0,5013;55,74823667;48,74325667;0,93679446;191,60000000;
36,202687;0,3694;0,3743;0,9675;55,74823667;48,74325667;0,93679446;191,60000000;
36,303354;0,1915;0,2560;1,2958;55,74823667;48,74325667;0,93679446;191,60000000;
36,403736;0,1964;0,0801;1,1199;55,74823667;48,74325667;0,93679446;191,80000000;
36,504349;0,0244;0,1241;0,5424;55,74824833;48,74327167;0,95429498;191,80000000;
36,605404;-0,0098;0,3215;0,5600;55,74824833;48,74327167;0,95429498;191,80000000;
36,705737;0,1016;0,5394;1,0153;55,74824833;48,74327167;0,95429498;191,80000000;
36,806246;-0,0665;0,4368;1,2997;55,74824833;48,74327167;0,95429498;191,80000000;
36,907215;-0,1573;-0,0410;1,1521;55,74824833;48,74327167;0,95429498;191,80000000;
37,008197;0,2169;0,1652;0,8873;55,74824833;48,74327167;0,95429498;191,80000000;
37,108746;0,0977;0,1847;0,5639;55,74824833;48,74327167;0,95429498;191,80000000;
37,208826;0,3713;0,4104;0,7964;55,74824833;48,74327167;0,95429498;191,80000000;
37,309690;0,2472;0,1896;1,5167;55,74824833;48,74327167;0,95429498;191,80000000;
37,410188;0,1867;0,0997;1,4248;55,74824833;48,74327167;0,95429498;191,80000000;
37,510887;0,3235;0,3244;0,6596;55,74825833;48,74328500;0,95378029;191,80000000;
37,611657;-0,1358;0,2023;0,6176;55,74825833;48,74328500;0,95378029;191,80000000;
37,715998;-0,0655;0,4036;0,8736;55,74825833;48,74328500;0,95378029;191,80000000;
37,812743;-0,0313;0,4310;1,1942;55,74825833;48,74328500;0,95378029;191,80000000;
37,913450;0,0410;0,1984;1,5391;55,74825833;48,74328500;0,95378029;191,80000000;
38,014068;0,2101;0,2003;1,0447;55,74825833;48,74328500;0,95378029;191,80000000;
38,114224;0,1251;0,1837;0,5668;55,74825833;48,74328500;0,95378029;191,80000000;
38,215272;0,2062;0,4407;0,5629;55,74825833;48,74328500;0,95378029;191,80000000;
38,316001;0,3039;0,2316;1,1922;55,74825833;48,74328500;0,95378029;191,80000000;
38,416705;0,2433;0,0401;1,5567;55,74825833;48,74328500;0,95378029;191,90000000;
38,517552;0,1642;0,1085;0,8824;55,74827000;48,74329667;0,98878139;191,90000000;
38,618199;-0,0430;0,1896;0,5355;55,74827000;48,74329667;0,98878139;191,90000000;
38,731012;0,0547;0,3938;0,8170;55,74827000;48,74329667;0,98878139;191,90000000;
38,818945;-0,1329;0,3616;0,9821;55,74827000;48,74329667;0,98878139;191,90000000;
38,919935;0,2893;0,4515;1,3046;55,74827000;48,74329667;0,98878139;191,90000000;
39,020453;-0,1016;0,1446;0,9557;55,74827000;48,74329667;0,98878139;191,90000000;
39,121085;0,0655;0,1368;0,7163;55,74827000;48,74329667;0,98878139;191,90000000;
39,221602;0,0430;0,2639;0,4388;55,74827000;48,74329667;0,98878139;191,90000000;
39,321978;0,3977;0,3753;1,0202;55,74827000;48,74329667;0,98878139;191,90000000;
39,422219;0,7134;0,2248;1,4815;55,74827000;48,74329667;0,98878139;192,00000000;
39,523820;0,2023;0,1016;0,7124;55,74828000;48,74330667;1,05312169;192,00000000;
39,623672;-0,0713;0,1192;0,6235;55,74828000;48,74330667;1,05312169;192,00000000;
39,724172;-0,0254;0,3616;0,6870;55,74828000;48,74330667;1,05312169;192,00000000;
39,825265;-0,0665;0,3264;1,1277;55,74828000;48,74330667;1,05312169;192,00000000;
39,925641;0,1769;0,0078;1,6066;55,74828000;48,74330667;1,05312169;192,00000000;
40,026318;0,0371;-0,0528;0,7876;55,74828000;48,74330667;1,05312169;192,00000000;
40,126649;0,0332;0,0498;0,8385;55,74828000;48,74330667;1,05312169;192,00000000;
40,227355;0,1945;0,2424;0,7271;55,74828000;48,74330667;1,05312169;192,00000000;
40,328320;0,2355;0,2189;1,0173;55,74828000;48,74330667;1,05312169;192,00000000;
40,428547;0,4730;0,3850;1,0662;55,74828000;48,74330667;1,05312169;192,30000000;
40,529395;-0,1446;-0,2912;1,2049;55,74829500;48,74331500;1,06701922;192,30000000;
40,629803;0,0694;0,1261;0,7955;55,74829500;48,74331500;1,06701922;192,30000000;
40,730271;-0,1759;0,1876;0,7192;55,74829500;48,74331500;1,06701922;192,30000000;
40,830683;-0,0948;0,3850;0,9860;55,74829500;48,74331500;1,06701922;192,30000000;
40,931219;-0,1622;0,2541;1,6984;55,74829500;48,74331500;1,06701922;192,30000000;
41,031744;0,2472;0,3440;1,4482;55,74829500;48,74331500;1,06701922;192,30000000;
41,132018;0,1691;0,1886;0,7466;55,74829500;48,74331500;1,06701922;192,30000000;
41,232172;0,0537;0,2502;0,4319;55,74829500;48,74331500;1,06701922;192,30000000;
41,333859;0,1397;0,4525;0,6332;55,74829500;48,74331500;1,06701922;192,30000000;
41,433816;0,1573;0,4339;1,1531;55,74829500;48,74331500;1,06701922;192,50000000;
41,534052;0,2893;0,3264;1,2997;55,74830833;48,74332167;1,09224057;192,50000000;
41,634555;0,0860;0,2052;0,7349;55,74830833;48,74332167;1,09224057;192,50000000;
41,735184;-0,0020;0,2111;0,6479;55,74830833;48,74332167;1,09224057;192,50000000;
41,836000;-0,0410;0,4329;0,7153;55,74830833;48,74332167;1,09224057;192,50000000;
41,936649;-0,1612;0,5218;1,0818;55,74830833;48,74332167;1,09224057;192,50000000;
42,036645;-0,0645;0,1964;1,6427;55,74830833;48,74332167;1,09224057;192,50000000;
42,137639;-0,1319;0,4319;0,7095;55,74830833;48,74332167;1,09224057;192,50000000;
42,238049;0,1407;0,3596;0,6127;55,74830833;48,74332167;1,09224057;192,50000000;
42,338007;-0,1612;0,5160;0,2951;55,74830833;48,74332167;1,09224057;192,50000000;
42,438778;0,0020;0,8639;1,3730;55,74830833;48,74332167;1,09224057;192,70000000;
42,537843;-0,5179;0,3108;1,5958;55,74832167;48,74333000;1,11179996;192,70000000;
42,637991;0,0283;0,1994;0,6342;55,74832167;48,74333000;1,11179996;192,70000000;
42,738550;-0,1075;0,1749;0,8775;55,74832167;48,74333000;1,11179996;192,70000000;
42,838671;-0,1153;0,3264;0,8560;55,74832167;48,74333000;1,11179996;192,70000000;
42,939270;-0,1573;0,2121;1,2890;55,74832167;48,74333000;1,11179996;192,70000000;
43,039073;0,1339;0,2238;1,4160;55,74832167;48,74333000;1,11179996;192,70000000;
43,139525;0,1046;0,1270;1,0026;55,74832167;48,74333000;1,11179996;192,70000000;
43,240515;0,1124;0,1612;0,5502;55,74832167;48,74333000;1,11179996;192,70000000;
43,340792;0,0850;0,2746;0,7192;55,74832167;48,74333000;1,11179996;192,70000000;
43,441353;0,1544;0,2091;1,2166;55,74832167;48,74333000;1,11179996;193,10000000;
43,541967;0,2941;0,3811;1,2479;55,74833333;48,74334333;1,11488831;193,10000000;
43,642424;0,2404;0,2424;0,7486;55,74833333;48,74334333;1,11488831;193,10000000;
43,742359;-0,0127;0,2316;0,6069;55,74833333;48,74334333;1,11488831;193,10000000;
43,842621;-0,1143;0,3743;0,6342;55,74833333;48,74334333;1,11488831;193,10000000;
43,942733;-0,1798;0,4251;0,9499;55,74833333;48,74334333;1,11488831;193,10000000;
44,043933;0,0792;0,3381;1,4267;55,74833333;48,74334333;1,11488831;193,10000000;
44,144301;0,0332;0,1583;0,9655;55,74833333;48,74334333;1,11488831;193,10000000;
44,244635;0,0528;0,1749;0,6889;55,74833333;48,74334333;1,11488831;193,10000000;
44,344893;0,0840;0,2981;0,5560;55,74833333;48,74334333;1,11488831;193,10000000;
44,445152;0,3508;0,3293;1,0691;55,74833333;48,74334333;1,11488831;193,30000000;
44,545435;0,2726;0,1857;1,2616;55,74833667;48,74336167;1,12106502;193,30000000;
44,645691;0,2658;0,2140;0,8893;55,74833667;48,74336167;1,12106502;193,30000000;
44,746608;0,0518;0,1524;0,6899;55,74833667;48,74336167;1,12106502;193,30000000;
44,848101;0,0176;0,3498;0,7828;55,74833667;48,74336167;1,12106502;193,30000000;
44,948356;-0,1427;0,3665;0,8844;55,74833667;48,74336167;1,12106502;193,30000000;
45,048459;-0,0645;0,2824;1,2909;55,74833667;48,74336167;1,12106502;193,30000000;
45,148997;-0,0733;0,1114;0,8570;55,74833667;48,74336167;1,12106502;193,30000000;
45,249507;0,2033;0,0860;0,6205;55,74833667;48,74336167;1,12106502;193,30000000;
45,351846;0,0704;0,1251;0,5844;55,74833667;48,74336167;1,12106502;193,70000000;
45,449464;0,4476;0,2287;1,4277;55,74834500;48,74337333;1,13702142;193,70000000;
45,549766;0,3117;0,2717;1,2274;55,74834500;48,74337333;1,13702142;193,70000000;
45,649967;0,2590;0,2580;1,1668;55,74834500;48,74337333;1,13702142;193,70000000;
45,750234;0,0792;0,1788;0,7212;55,74834500;48,74337333;1,13702142;193,70000000;
45,850418;-0,1026;0,3489;0,5512;55,74834500;48,74337333;1,13702142;193,70000000;
45,951360;-0,1261;0,4945;0,9508;55,74834500;48,74337333;1,13702142;193,70000000;
46,051537;-0,1280;0,4769;1,3290;55,74834500;48,74337333;1,13702142;193,70000000;
46,151648;-0,3020;0,1329;1,0847;55,74834500;48,74337333;1,13702142;193,70000000;
46,251915;0,1016;0,2072;0,6841;55,74834500;48,74337333;1,13702142;193,70000000;
46,353390;0,0821;0,2961;0,5766;55,74834500;48,74337333;1,13702142;194,20000000;
46,452266;0,2482;0,4456;0,9127;55,74835500;48,74339000;1,19209671;194,20000000;
46,552570;0,1945;0,2199;1,2557;55,74835500;48,74339000;1,19209671;194,20000000;
46,652730;0,1612;0,2541;1,0994;55,74835500;48,74339000;1,19209671;194,20000000;
46,752958;0,0880;0,2062;0,7486;55,74835500;48,74339000;1,19209671;194,20000000;
46,853519;0,1446;0,4310;0,6577;55,74835500;48,74339000;1,19209671;194,20000000;
46,953539;-0,1094;0,5101;0,9098;55,74835500;48,74339000;1,19209671;194,20000000;
47,053666;-0,2287;0,4613;1,1795;55,74835500;48,74339000;1,19209671;194,20000000;
47,153833;-0,1466;0,1046;1,0368;55,74835500;48,74339000;1,19209671;194,20000000;
47,254129;0,0645;0,1495;0,7554;55,74835500;48,74339000;1,19209671;194,20000000;
47,358753;0,1046;0,2824;0,5570;55,74835500;48,74339000;1,19209671;194,90000000;
47,455000;0,2853;0,4710;0,9890;55,74837000;48,74339667;1,21062672;194,90000000;
47,555389;0,2521;0,2433;1,1736;55,74837000;48,74339667;1,21062672;194,90000000;
47,655145;0,3606;0,1642;1,2323;55,74837000;48,74339667;1,21062672;194,90000000;
47,755854;0,1622;0,1612;0,7056;55,74837000;48,74339667;1,21062672;194,90000000;
47,856189;-0,0537;0,2150;0,6616;55,74837000;48,74339667;1,21062672;194,90000000;
47,956643;-0,4270;0,3469;0,8463;55,74837000;48,74339667;1,21062672;194,90000000;
48,056886;-0,4143;0,2306;1,4942;55,74837000;48,74339667;1,21062672;194,90000000;
48,157015;-0,1485;-0,0127;1,3623;55,74837000;48,74339667;1,21062672;194,90000000;
48,257183;0,1505;0,1143;0,9401;55,74837000;48,74339667;1,21062672;194,90000000;
48,362537;0,1163;0,2023;0,5365;55,74837000;48,74339667;1,21062672;195,30000000;
48,458718;0,3264;0,5385;0,6391;55,74837833;48,74341167;1,21371496;195,30000000;
48,559069;0,0772;0,1094;1,5196;55,74837833;48,74341167;1,21371496;195,30000000;
48,659381;-0,0557;-0,0322;1,5294;55,74837833;48,74341167;1,21371496;195,30000000;
48,759706;0,1456;0,1652;0,8072;55,74837833;48,74341167;1,21371496;195,30000000;
48,860238;-0,1202;0,2883;0,5013;55,74837833;48,74341167;1,21371496;195,30000000;
48,960534;-0,1534;0,4730;0,6880;55,74837833;48,74341167;1,21371496;195,30000000;
49,060912;-0,3557;0,2814;1,5978;55,74837833;48,74341167;1,21371496;195,30000000;
49,161287;-0,0958;0,1134;1,8128;55,74837833;48,74341167;1,21371496;195,30000000;
49,261660;0,0958;0,1906;0,9890;55,74837833;48,74341167;1,21371496;195,30000000;
49,362430;0,0919;0,1280;0,6596;55,74837833;48,74341167;1,21371496;195,30000000;
49,463241;0,1515;0,3498;0,5482;55,74837833;48,74341167;1,21371496;195,90000000;
49,563935;0,3538;0,3557;1,0818;55,74839167;48,74342500;1,20239115;195,90000000;
49,664607;0,1446;0,1212;1,6046;55,74839167;48,74342500;1,20239115;195,90000000;
49,764942;0,2326;0,1055;0,8482;55,74839167;48,74342500;1,20239115;195,90000000;
49,865447;-0,2707;0,0557;0,4779;55,74839167;48,74342500;1,20239115;195,90000000;
49,966188;-0,2609;0,3694;0,6127;55,74839167;48,74342500;1,20239115;195,90000000;
50,065610;-0,1798;0,2678;1,4395;55,74839167;48,74342500;1,20239115;195,90000000;
50,166116;0,0391;0,0831;1,8225;55,74839167;48,74342500;1,20239115;195,90000000;
50,266480;0,1251;0,1046;1,1072;55,74839167;48,74342500;1,20239115;195,90000000;
50,366842;-0,0098;0,0665;0,4515;55,74839167;48,74342500;1,20239115;196,70000000;
50,467136;0,1427;0,3938;0,5111;55,74840833;48,74344000;1,22709775;196,70000000;
50,567444;0,2912;0,2248;1,1951;55,74840833;48,74344000;1,22709775;196,70000000;
50,667774;0,2463;0,2570;1,5372;55,74840833;48,74344000;1,22709775;196,70000000;
50,768960;0,1251;0,2609;0,5746;55,74840833;48,74344000;1,22709775;196,70000000;
50,868333;-0,0274;0,2111;0,5951;55,74840833;48,74344000;1,22709775;196,70000000;
50,969411;-0,1114;0,4788;0,7661;55,74840833;48,74344000;1,22709775;196,70000000;
51,070125;-0,2345;0,4153;1,2079;55,74840833;48,74344000;1,22709775;196,70000000;
51,170919;0,0410;0,4495;1,3662;55,74840833;48,74344000;1,22709775;196,70000000;
51,270266;0,1603;0,2609;0,9772;55,74840833;48,74344000;1,22709775;196,70000000;
51,370983;0,0723;0,1661;0,6508;55,74840833;48,74344000;1,22709775;196,90000000;
51,472126;0,1485;0,3713;0,6059;55,74841833;48,74345667;1,25077498;196,90000000;
51,572448;0,3078;0,3518;1,1219;55,74841833;48,74345667;1,25077498;196,90000000;
51,672615;0,2883;0,3381;1,2606;55,74841833;48,74345667;1,25077498;196,90000000;
51,772938;0,2081;0,3655;0,8424;55,74841833;48,74345667;1,25077498;196,90000000;
51,874105;-0,1202;0,2463;0,5472;55,74841833;48,74345667;1,25077498;196,90000000;
51,974482;-0,1251;0,4573;0,6684;55,74841833;48,74345667;1,25077498;196,90000000;
52,075246;-0,0840;0,4046;1,3134;55,74841833;48,74345667;1,25077498;196,90000000;
52,175885;0,0625;0,2961;1,5450;55,74841833;48,74345667;1,25077498;196,90000000;
52,276693;0,1290;0,2511;0,9303;55,74841833;48,74345667;1,25077498;196,90000000;
52,382859;0,1026;0,2375;0,5922;55,74841833;48,74345667;1,25077498;197,10000000;
52,477744;0,1329;0,4886;0,6528;55,74842833;48,74347000;1,27496696;197,10000000;
52,578046;0,2599;0,3235;1,2665;55,74842833;48,74347000;1,27496696;197,10000000;
52,678521;0,1583;0,1710;1,5000;55,74842833;48,74347000;1,27496696;197,10000000;
52,778833;0,3948;0,3977;0,7280;55,74842833;48,74347000;1,27496696;197,10000000;
52,879646;-0,0938;0,2746;0,4622;55,74842833;48,74347000;1,27496696;197,10000000;
52,979953;-0,0684;0,5140;0,7525;55,74842833;48,74347000;1,27496696;197,10000000;
53,080714;-0,1612;0,4485;1,2479;55,74842833;48,74347000;1,27496696;197,10000000;
53,181593;0,0547;0,2639;1,6779;55,74842833;48,74347000;1,27496696;197,10000000;
53,281597;0,0586;0,3127;0,9069;55,74842833;48,74347000;1,27496696;197,10000000;
53,382213;0,0919;0,2121;0,6997;55,74842833;48,74347000;1,27496696;197,30000000;
53,482119;0,1476;0,4300;0,5267;55,74843667;48,74349167;1,28989387;197,30000000;
53,582712;0,2971;0,2805;1,1776;55,74843667;48,74349167;1,28989387;197,30000000;
53,682996;0,1710;0,1886;1,3974;55,74843667;48,74349167;1,28989387;197,30000000;
53,783564;0,3186;0,3713;0,8189;55,74843667;48,74349167;1,28989387;197,30000000;
53,884440;-0,0684;0,2257;0,5570;55,74843667;48,74349167;1,28989387;197,30000000;
53,984765;-0,0528;0,4642;0,5639;55,74843667;48,74349167;1,28989387;197,30000000;
54,085556;-0,1114;0,4593;1,1707;55,74843667;48,74349167;1,28989387;197,30000000;
54,186604;0,1515;0,4173;1,6564;55,74843667;48,74349167;1,28989387;197,30000000;
54,288073;0,0752;0,4055;0,7241;55,74843667;48,74349167;1,28989387;197,30000000;
54,388303;0,0694;0,2228;0,7016;55,74843667;48,74349167;1,28989387;197,40000000;
54,488572;0,1241;0,3694;0,5336;55,74844500;48,74351167;1,31665945;197,40000000;
54,589478;0,4476;0,4505;0,9626;55,74844500;48,74351167;1,31665945;197,40000000;
54,689949;0,2355;0,3264;1,1961;55,74844500;48,74351167;1,31665945;197,40000000;
54,791168;0,1182;0,1857;1,0114;55,74844500;48,74351167;1,31665945;197,40000000;
54,892324;-0,0156;0,1984;0,7280;55,74844500;48,74351167;1,31665945;197,40000000;
54,992697;0,0127;0,4446;0,6626;55,74844500;48,74351167;1,31665945;197,40000000;
55,093834;-0,0303;0,5023;0,8727;55,74844500;48,74351167;1,31665945;197,40000000;
55,194242;-0,1349;0,4505;1,1991;55,74844500;48,74351167;1,31665945;197,40000000;
55,294469;-0,1417;0,0723;1,0515;55,74844500;48,74351167;1,31665945;197,40000000;
55,394571;0,1691;0,1554;0,8414;55,74844500;48,74351167;1,31665945;197,50000000;
55,496577;0,1691;0,2824;0,4085;55,74845833;48,74351500;1,31048274;197,50000000;
55,596701;0,1779;0,4349;0,7632;55,74845833;48,74351500;1,31048274;197,50000000;
55,696991;0,3137;0,2248;1,2821;55,74845833;48,74351500;1,31048274;197,50000000;
55,797803;0,2316;0,1437;1,2587;55,74845833;48,74351500;1,31048274;197,50000000;
55,898140;-0,0029;0,1564;0,7515;55,74845833;48,74351500;1,31048274;197,50000000;
55,998558;-0,0186;0,3909;0,5453;55,74845833;48,74351500;1,31048274;197,50000000;
56,099466;-0,1808;0,4749;0,9362;55,74845833;48,74351500;1,31048274;197,50000000;
56,199618;-0,1593;0,4847;1,2479;55,74845833;48,74351500;1,31048274;197,50000000;
56,300094;-0,0440;0,0899;1,3857;55,74845833;48,74351500;1,31048274;197,50000000;
56,400318;0,1407;0,2189;0,8160;55,74845833;48,74351500;1,31048274;197,60000000;
56,501224;0,0958;0,2893;0,5756;55,74847167;48,74352333;1,27702582;197,60000000;
56,601448;0,3010;0,5433;0,7446;55,74847167;48,74352333;1,27702582;197,60000000;
56,702033;0,2941;0,3919;1,2704;55,74847167;48,74352333;1,27702582;197,60000000;
56,801342;0,2697;0,2502;1,2538;55,74847167;48,74352333;1,27702582;197,60000000;
56,902412;0,3489;0,3342;0,7192;55,74847167;48,74352333;1,27702582;197,60000000;
57,003049;-0,1720;0,2922;0,4202;55,74847167;48,74352333;1,27702582;197,60000000;
57,104225;-0,2091;0,5003;0,7407;55,74847167;48,74352333;1,27702582;197,60000000;
57,203996;-0,2795;0,3616;1,5978;55,74847167;48,74352333;1,27702582;197,60000000;
57,304600;0,0088;0,0909;1,7483;55,74847167;48,74352333;1,27702582;197,60000000;
57,405611;0,1094;0,1652;0,9157;55,74847167;48,74352333;1,27702582;197,60000000;
57,505954;-0,0068;0,1124;0,4788;55,74847667;48,74354000;1,26467252;197,60000000;
57,606559;0,3215;0,4339;0,4749;55,74847667;48,74354000;1,26467252;197,60000000;
57,707530;0,2619;0,1554;1,4522;55,74847667;48,74354000;1,26467252;197,60000000;
57,807798;0,1104;0,0547;1,7209;55,74847667;48,74354000;1,26467252;197,60000000;
57,908221;0,2775;0,2834;0,7437;55,74847667;48,74354000;1,26467252;197,60000000;
58,008646;-0,1935;0,2257;0,4280;55,74847667;48,74354000;1,26467252;197,60000000;
58,109246;-0,2287;0,5287;0,5922;55,74847667;48,74354000;1,26467252;197,60000000;
58,209738;-0,4192;0,2893;1,4961;55,74847667;48,74354000;1,26467252;197,60000000;
58,309347;-0,2844;0,0919;1,5948;55,74847667;48,74354000;1,26467252;197,60000000;
58,410477;0,2775;0,2609;0,9577;55,74847667;48,74354000;1,26467252;197,90000000;
58,511231;0,1612;0,2277;0,5424;55,74848500;48,74355667;1,21268559;197,90000000;
58,611604;0,2805;0,4437;0,5990;55,74848500;48,74355667;1,21268559;197,90000000;
58,712552;0,2668;0,3577;1,0642;55,74848500;48,74355667;1,21268559;197,90000000;
58,812672;0,2336;0,2414;1,4961;55,74848500;48,74355667;1,21268559;197,90000000;
58,912915;0,2042;0,2414;0,6567;55,74848500;48,74355667;1,21268559;197,90000000;
59,014688;-0,1134;0,2902;0,4349;55,74848500;48,74355667;1,21268559;197,90000000;
59,114556;-0,2052;0,5111;0,7583;55,74848500;48,74355667;1,21268559;197,90000000;
59,215022;-0,1065;0,5170;1,6359;55,74848500;48,74355667;1,21268559;197,90000000;
59,315700;-0,0655;0,0713;1,3925;55,74848500;48,74355667;1,21268559;197,90000000;
59,415882;0,2257;0,1642;0,8893;55,74848500;48,74355667;1,21268559;197,90000000;
59,516743;0,0342;0,1173;0,4818;55,74848500;48,74355667;1,21268559;197,90000000;
59,617342;0,4652;0,4378;0,5482;55,74848500;48,74355667;1,21268559;197,90000000;
59,718509;0,2766;0,1994;1,3066;55,74848500;48,74355667;1,21268559;197,90000000;
59,818810;-0,0342;-0,0059;1,6808;55,74848500;48,74355667;1,21268559;197,90000000;
59,919832;0,1779;0,2648;0,6567;55,74848500;48,74355667;1,21268559;197,90000000;
60,020267;-0,2814;0,2893;0,4974;55,74848500;48,74355667;1,21268559;197,90000000;
60,120508;-0,3420;0,4818;0,7808;55,74848500;48,74355667;1,21268559;197,90000000;
60,222577;-0,4339;0,2941;1,3808;55,74848500;48,74355667;1,21268559;197,90000000;
60,322904;-0,0928;0,0420;1,2079;55,74848500;48,74355667;1,21268559;197,90000000;
60,423755;0,0889;0,1749;0,9157;55,74848500;48,74355667;1,21268559;197,90000000;
60,524357;0,0674;0,1632;0,4974;55,74848500;48,74355667;1,21268559;197,90000000;
60,624643;0,4153;0,4280;0,7212;55,74848500;48,74355667;1,21268559;197,90000000;
60,725606;0,4085;0,2101;1,1776;55,74848500;48,74355667;1,21268559;197,90000000;
60,825683;0,0694;-0,0362;1,5323;55,74848500;48,74355667;1,21268559;197,90000000;
60,926426;0,1515;0,2326;0,7095;55,74848500;48,74355667;1,21268559;197,90000000;
61,026515;-0,1739;0,2619;0,4583;55,74848500;48,74355667;1,21268559;197,90000000;
61,127769;-0,2531;0,4446;0,7935;55,74848500;48,74355667;1,21268559;197,90000000;
61,228014;-0,2326;0,3743;1,6544;55,74848500;48,74355667;1,21268559;197,90000000;
61,328471;-0,1691;-0,0225;1,4297;55,74848500;48,74355667;1,21268559;197,90000000;
61,429178;0,1974;0,1358;0,9039;55,74848500;48,74355667;1,21268559;197,90000000;
61,529609;-0,0059;0,1309;0,4622;55,74848500;48,74355667;1,21268559;197,90000000;
61,631087;0,3518;0,4476;0,6215;55,74848500;48,74355667;1,21268559;197,90000000;
61,731039;0,3166;0,2902;1,1805;55,74848500;48,74355667;1,21268559;197,90000000;
61,831596;0,0342;-0,0332;1,6867;55,74848500;48,74355667;1,21268559;197,90000000;
61,932466;0,2736;0,2199;0,7319;55,74848500;48,74355667;1,21268559;197,90000000;
62,032593;-0,2824;0,1798;0,4046;55,74848500;48,74355667;1,21268559;197,90000000;
62,133312;-0,2922;0,4896;0,6332;55,74848500;48,74355667;1,21268559;197,90000000;
62,234070;-0,3577;0,3323;1,8010;55,74848500;48,74355667;1,21268559;197,90000000;
62,334505;-0,1603;0,1007;1,3681;55,74848500;48,74355667;1,21268559;197,90000000;
62,434653;0,1319;0,0528;1,0398;55,74848500;48,74355667;1,21268559;197,90000000;
62,535701;-0,0440;0,0899;0,4319;55,74850667;48,74356667;0,77259803;197,90000000;
62,636223;0,2267;0,4837;0,6567;55,74850667;48,74356667;0,77259803;197,90000000;
62,736464;0,2033;0,2863;1,2303;55,74850667;48,74356667;0,77259803;197,90000000;
62,837361;0,0303;0,0303;1,4864;55,74850667;48,74356667;0,77259803;197,90000000;
62,937611;0,0772;0,2140;0,7231;55,74850667;48,74356667;0,77259803;197,90000000;
63,038221;-0,2697;0,2365;0,5404;55,74850667;48,74356667;0,77259803;197,90000000;
63,138787;-0,2023;0,4251;0,6997;55,74850667;48,74356667;0,77259803;197,90000000;
63,239558;-0,2824;0,2951;1,7141;55,74850667;48,74356667;0,77259803;197,90000000;
63,339340;-0,0967;0,1094;1,3818;55,74850667;48,74356667;0,77259803;197,90000000;
63,440559;0,3235;0,1564;0,9196;55,74850667;48,74356667;0,77259803;198,10000000;
63,541270;0,1055;0,1036;0,3899;55,74851500;48,74357667;0,68509525;198,10000000;
63,641752;0,3117;0,5091;0,6303;55,74851500;48,74357667;0,68509525;198,10000000;
63,741922;0,4007;0,3997;1,3095;55,74851500;48,74357667;0,68509525;198,10000000;
63,842842;0,1779;0,2033;1,3466;55,74851500;48,74357667;0,68509525;198,10000000;
63,943626;0,1290;0,2345;0,8218;55,74851500;48,74357667;0,68509525;198,10000000;
64,044049;-0,1407;0,2961;0,5130;55,74851500;48,74357667;0,68509525;198,10000000;
64,144564;-0,1231;0,5355;0,8111;55,74851500;48,74357667;0,68509525;198,10000000;
64,244587;-0,1906;0,2639;1,4522;55,74851500;48,74357667;0,68509525;198,10000000;
64,345425;-0,0948;0,0186;1,3144;55,74851500;48,74357667;0,68509525;198,10000000;
64,445784;0,2189;0,1994;0,9977;55,74851500;48,74357667;0,68509525;197,80000000;
64,546277;0,1055;0,1827;0,5072;55,74852500;48,74359167;0,61149001;197,80000000;
64,646481;0,2238;0,4632;0,6772;55,74852500;48,74359167;0,61149001;197,80000000;
64,747068;0,4427;0,2189;1,4717;55,74852500;48,74359167;0,61149001;197,80000000;
64,847682;0,2042;0,1143;1,3730;55,74852500;48,74359167;0,61149001;197,80000000;
64,950213;0,3049;0,2668;0,7359;55,74852500;48,74359167;0,61149001;197,80000000;
65,048296;-0,0987;0,2384;0,4779;55,74852500;48,74359167;0,61149001;197,80000000;
65,149108;-0,0919;0,3968;0,8023;55,74852500;48,74359167;0,61149001;197,80000000;
65,249790;-0,3713;0,2355;1,5284;55,74852500;48,74359167;0,61149001;197,80000000;
65,349760;-0,0293;0,0391;1,5479;55,74852500;48,74359167;0,61149001;197,80000000;
65,450673;0,2717;0,2580;0,9508;55,74852500;48,74359167;0,61149001;197,60000000;
65,551329;0,0616;0,2218;0,6039;55,74853500;48,74360167;0,53016388;197,60000000;
65,651708;0,0899;0,4143;0,6313;55,74853500;48,74360167;0,53016388;197,60000000;
65,752280;0,3186;0,3479;1,2753;55,74853500;48,74360167;0,53016388;197,60000000;
65,852765;0,1368;0,3342;1,3544;55,74853500;48,74360167;0,53016388;197,60000000;
65,961702;0,2687;0,3498;0,6635;55,74853500;48,74360167;0,53016388;197,60000000;
66,053840;-0,0469;0,3039;0,5238;55,74853500;48,74360167;0,53016388;197,60000000;
66,154529;-0,0958;0,4671;0,9792;55,74853500;48,74360167;0,53016388;197,60000000;
66,254723;-0,2883;0,3440;1,2938;55,74853500;48,74360167;0,53016388;197,60000000;
66,355765;-0,0616;0,0137;1,5489;55,74853500;48,74360167;0,53016388;197,60000000;
66,456222;0,1818;0,2169;0,9899;55,74853500;48,74360167;0,53016388;197,50000000;
66,556523;0,1886;0,2922;0,5541;55,74854500;48,74361167;0,46376473;197,50000000;
66,657303;0,2785;0,3968;0,7730;55,74854500;48,74361167;0,46376473;197,50000000;
66,757871;0,4212;0,2853;1,2049;55,74854500;48,74361167;0,46376473;197,50000000;
66,858280;0,3391;0,1173;1,3447;55,74854500;48,74361167;0,46376473;197,50000000;
66,958693;0,3391;0,3059;0,6381;55,74854500;48,74361167;0,46376473;197,50000000;
67,059261;0,0235;0,3528;0,5541;55,74854500;48,74361167;0,46376473;197,50000000;
67,159817;-0,0635;0,4700;0,9411;55,74854500;48,74361167;0,46376473;197,50000000;
67,259741;-0,0792;0,3704;1,2948;55,74854500;48,74361167;0,46376473;197,50000000;
67,359621;0,0606;0,4251;1,1355;55,74854500;48,74361167;0,46376473;197,50000000;
67,461274;0,1554;0,3655;0,9430;55,74854500;48,74361167;0,46376473;197,20000000;
67,561697;0,0625;0,2404;0,6762;55,74855833;48,74362167;0,43082249;197,20000000;
67,662206;0,2111;0,4642;0,6420;55,74855833;48,74362167;0,43082249;197,20000000;
67,763076;0,3068;0,3948;0,9508;55,74855833;48,74362167;0,43082249;197,20000000;
67,863440;0,2902;0,3147;1,0974;55,74855833;48,74362167;0,43082249;197,20000000;
67,964211;0,3137;0,2717;1,0984;55,74855833;48,74362167;0,43082249;197,20000000;
68,064632;-0,0537;0,2541;0,5629;55,74855833;48,74362167;0,43082249;197,20000000;
68,164977;-0,2336;0,3899;0,5775;55,74855833;48,74362167;0,43082249;197,20000000;
68,265656;-0,3166;0,5433;1,1649;55,74855833;48,74362167;0,43082249;197,20000000;
68,366442;0,1427;0,4026;1,4952;55,74855833;48,74362167;0,43082249;197,20000000;
68,466715;-0,0068;0,2668;0,8912;55,74855833;48,74362167;0,43082249;196,90000000;
68,567448;0,1016;0,0244;0,7876;55,74857333;48,74362833;0,44986722;196,90000000;
68,668198;0,1427;0,2404;0,4505;55,74857333;48,74362833;0,44986722;196,90000000;
68,768636;0,5433;0,3948;0,9528;55,74857333;48,74362833;0,44986722;196,90000000;
68,868991;0,2336;0,3616;1,0642;55,74857333;48,74362833;0,44986722;196,90000000;
68,969760;0,2981;0,1642;1,1150;55,74857333;48,74362833;0,44986722;196,90000000;
69,070299;-0,1896;0,1075;0,4417;55,74857333;48,74362833;0,44986722;196,90000000;
69,170978;-0,0606;0,4016;0,6929;55,74857333;48,74362833;0,44986722;196,90000000;
69,271698;-0,3254;0,3098;1,1609;55,74857333;48,74362833;0,44986722;196,90000000;
69,371909;-0,0205;0,3029;1,4795;55,74857333;48,74362833;0,44986722;196,90000000;
69,473499;-0,2042;0,0186;1,0388;55,74857333;48,74362833;0,44986722;196,60000000;
69,573524;0,0049;-0,0215;0,8013;55,74858333;48,74364000;0,51523697;196,60000000;
69,674213;0,2033;0,2414;0,4202;55,74858333;48,74364000;0,51523697;196,60000000;
69,774461;0,4202;0,3528;1,0916;55,74858333;48,74364000;0,51523697;196,60000000;
69,874902;0,0967;0,0635;1,2362;55,74858333;48,74364000;0,51523697;196,60000000;
69,975369;0,2687;-0,0352;1,1824;55,74858333;48,74364000;0,51523697;196,60000000;
70,075823;-0,1349;0,0420;0,7310;55,74858333;48,74364000;0,51523697;196,60000000;
70,176991;-0,2003;0,2639;0,5199;55,74858333;48,74364000;0,51523697;196,60000000;
70,277899;-0,2238;0,5687;0,9909;55,74858333;48,74364000;0,51523697;196,60000000;
70,384948;-0,3078;0,2472;1,6290;55,74858333;48,74364000;0,51523697;196,50000000;
70,478704;-0,1124;0,0762;0,9518;55,74859333;48,74364833;0,58215082;196,50000000;
70,579548;0,1622;0,1319;0,8932;55,74859333;48,74364833;0,58215082;196,50000000;
70,680007;0,1319;0,1925;0,4906;55,74859333;48,74364833;0,58215082;196,50000000;
70,780671;0,2707;0,3753;0,7251;55,74859333;48,74364833;0,58215082;196,50000000;
70,881505;0,2678;0,2463;1,3466;55,74859333;48,74364833;0,58215082;196,50000000;
70,982271;0,1163;0,1261;1,5528;55,74859333;48,74364833;0,58215082;196,50000000;
71,081991;0,2981;0,3665;0,6538;55,74859333;48,74364833;0,58215082;196,50000000;
71,182911;-0,1075;0,2463;0,4544;55,74859333;48,74364833;0,58215082;196,50000000;
71,283705;-0,1290;0,4378;0,8355;55,74859333;48,74364833;0,58215082;196,50000000;
71,383560;-0,1808;0,3420;1,4678;55,74859333;48,74364833;0,58215082;196,70000000;
71,484512;-0,0342;0,0987;1,4219;55,74860833;48,74365833;0,63774085;196,70000000;
71,584600;0,1808;0,1583;1,1385;55,74860833;48,74365833;0,63774085;196,70000000;
71,685530;0,0909;0,1867;0,4779;55,74860833;48,74365833;0,63774085;196,70000000;
71,785583;0,2658;0,4603;0,6440;55,74860833;48,74365833;0,63774085;196,70000000;
71,886506;0,3020;0,0928;1,6359;55,74860833;48,74365833;0,63774085;196,70000000;
71,987234;0,2629;0,1515;1,2548;55,74860833;48,74365833;0,63774085;196,70000000;
72,088091;0,3010;0,1671;0,9782;55,74860833;48,74365833;0,63774085;196,70000000;
72,188562;-0,1935;0,1652;0,4388;55,74860833;48,74365833;0,63774085;196,70000000;
72,289361;-0,0674;0,4261;0,6117;55,74860833;48,74365833;0,63774085;196,70000000;
72,388997;-0,1202;0,1632;1,7395;55,74860833;48,74365833;0,63774085;196,70000000;
72,490002;0,0264;0,0831;1,5538;55,74860833;48,74365833;0,63774085;196,70000000;
72,590393;-0,0518;0,0313;1,1502;55,74860833;48,74365833;0,63774085;196,70000000;
72,691005;-0,0684;0,1241;0,4876;55,74860833;48,74365833;0,63774085;196,70000000;
72,791716;-0,0674;0,0694;0,4867;55,74860833;48,74365833;0,63774085;196,70000000;
72,892417;0,0792;0,1867;1,2206;55,74860833;48,74365833;0,63774085;196,70000000;
72,992605;0,0772;0,1818;1,5802;55,74860833;48,74365833;0,63774085;196,70000000;
73,093415;0,4407;0,2394;1,2499;55,74860833;48,74365833;0,63774085;196,70000000;
73,194060;-0,0186;0,1114;0,6342;55,74860833;48,74365833;0,63774085;196,70000000;
73,294419;-0,1104;0,2150;0,7007;55,74860833;48,74365833;0,63774085;196,70000000;
73,395078;0,2199;0,3528;1,4375;55,74860833;48,74365833;0,63774085;196,70000000;
73,495863;0,4095;0,3831;1,3603;55,74861833;48,74366833;0,66450638;196,70000000;
73,596008;0,2619;0,3626;1,1267;55,74861833;48,74366833;0,66450638;196,70000000;
73,696875;0,1104;0,1974;0,7261;55,74861833;48,74366833;0,66450638;196,70000000;
73,797691;0,0987;0,3166;0,4857;55,74861833;48,74366833;0,66450638;196,70000000;
73,897944;0,3117;0,3753;0,7837;55,74861833;48,74366833;0,66450638;196,70000000;
73,998731;0,0625;0,2453;1,1864;55,74861833;48,74366833;0,66450638;196,70000000;
74,099911;0,4153;0,4632;0,9958;55,74861833;48,74366833;0,66450638;196,70000000;
74,200016;0,1612;0,2629;0,7564;55,74861833;48,74366833;0,66450638;196,70000000;
74,300585;-0,1094;0,3498;0,5111;55,74861833;48,74366833;0,66450638;196,70000000;
74,400492;-0,1280;0,5140;0,9626;55,74861833;48,74366833;0,66450638;196,70000000;
74,501486;-0,0147;0,4955;1,3251;55,74861833;48,74366833;0,66450638;196,70000000;
74,601999;0,0322;0,2658;1,0339;55,74861833;48,74366833;0,66450638;196,70000000;
74,702787;0,2834;0,2277;0,8326;55,74861833;48,74366833;0,66450638;196,70000000;
74,803004;0,1163;0,2062;0,3753;55,74861833;48,74366833;0,66450638;196,70000000;
74,903640;0,3020;0,4642;0,4398;55,74861833;48,74366833;0,66450638;196,70000000;
75,004259;0,2756;0,4945;0,9831;55,74861833;48,74366833;0,66450638;196,70000000;
75,104142;0,5482;0,6088;1,4248;55,74861833;48,74366833;0,66450638;196,70000000;
75,205237;0,3811;0,5189;0,8473;55,74861833;48,74366833;0,66450638;196,70000000;
75,305889;0,0029;0,4505;0,5961;55,74861833;48,74366833;0,66450638;196,70000000;
75,406286;-0,1730;0,5717;0,8629;55,74861833;48,74366833;0,66450638;196,70000000;
75,506806;-0,1280;0,6860;1,1238;55,74861833;48,74366833;0,66450638;196,70000000;
75,607411;0,1094;0,5932;1,4883;55,74861833;48,74366833;0,66450638;196,70000000;
75,707983;0,3186;0,6108;1,1140;55,74861833;48,74366833;0,66450638;196,70000000;
75,808665;0,5130;0,5521;0,5873;55,74861833;48,74366833;0,66450638;196,70000000;
75,907970;0,6557;0,5502;0,3528;55,74861833;48,74366833;0,66450638;196,70000000;
76,009479;0,7398;0,4740;0,1827;55,74861833;48,74366833;0,66450638;196,70000000;
76,111819;0,8355;0,3127;0,0303;55,74861833;48,74366833;0,66450638;196,70000000;
76,210096;0,8160;0,2326;-0,0410;55,74861833;48,74366833;0,66450638;196,70000000;
76,310436;1,0065;0,0391;0,0469;55,74861833;48,74366833;0,66450638;196,70000000;
76,411704;0,9069;0,0704;0,0899;55,74861833;48,74366833;0,66450638;196,30000000;
76,512155;1,1903;-0,3000;-0,2502;55,74862833;48,74367333;0,59604836;196,30000000;
76,612491;1,4991;0,3430;-0,4349;55,74862833;48,74367333;0,59604836;196,30000000;
76,712741;1,2000;0,0645;-0,4202;55,74862833;48,74367333;0,59604836;196,30000000;
76,813696;0,9821;-0,0362;-0,3821;55,74862833;48,74367333;0,59604836;196,30000000;
76,913985;0,8736;-0,1251;-0,3352;55,74862833;48,74367333;0,59604836;196,30000000;
77,014726;0,8932;-0,0498;-0,1984;55,74862833;48,74367333;0,59604836;196,30000000;
77,125649;1,1082;0,0381;-0,3616;55,74862833;48,74367333;0,59604836;196,30000000;
77,216174;1,2596;0,3479;-0,0880;55,74862833;48,74367333;0,59604836;196,30000000;
77,316486;1,1111;0,4955;0,3674;55,74862833;48,74367333;0,59604836;196,30000000;
77,415844;0,1788;1,1306;0,3840;55,74862833;48,74367333;0,59604836;196,30000000;
77,516749;0,7525;0,7857;-0,3518;55,74862833;48,74367333;0,59604836;196,30000000;
77,618400;0,8072;0,8043;-0,2472;55,74862833;48,74367333;0,59604836;196,30000000;
77,718813;0,2150;0,6880;0,2629;55,74862833;48,74367333;0,59604836;196,30000000;
77,819037;0,2961;1,0447;0,2785;55,74862833;48,74367333;0,59604836;196,30000000;
77,919734;0,2609;0,9342;0,7916;55,74862833;48,74367333;0,59604836;196,30000000;
78,020232;0,0684;0,5756;0,8697;55,74862833;48,74367333;0,59604836;196,30000000;
78,120634;-0,0909;0,1818;1,2079;55,74862833;48,74367333;0,59604836;196,30000000;
78,222143;0,0225;0,0616;1,0994;55,74862833;48,74367333;0,59604836;196,30000000;
78,321280;0,0772;0,1886;0,9284;55,74862833;48,74367333;0,59604836;196,30000000;
78,422066;0,2912;0,3538;0,9284;55,74862833;48,74367333;0,59604836;196,30000000;
78,522749;0,3987;0,4446;0,8072;55,74862833;48,74367333;0,59604836;196,30000000;
78,623511;0,1261;0,1945;0,7642;55,74862833;48,74367333;0,59604836;196,30000000;
78,723911;0,4143;0,1515;1,5606;55,74862833;48,74367333;0,59604836;196,30000000;
78,824547;0,4456;0,3313;0,5795;55,74862833;48,74367333;0,59604836;196,30000000;
78,925325;0,0909;0,2717;0,7564;55,74862833;48,74367333;0,59604836;196,30000000;
79,026029;0,1407;0,2414;0,6753;55,74862833;48,74367333;0,59604836;196,30000000;
79,126216;0,1124;0,1974;1,0046;55,74862833;48,74367333;0,59604836;196,30000000;
79,226849;0,1739;0,2130;1,1101;55,74862833;48,74367333;0,59604836;196,30000000;
79,327508;0,1827;-0,3108;1,4942;55,74862833;48,74367333;0,59604836;196,30000000;
79,427345;0,4896;-0,0577;1,1394;55,74862833;48,74367333;0,59604836;196,30000000;
79,528505;0,2453;0,0684;0,7486;55,74862833;48,74367333;0,59604836;196,30000000;
79,628786;0,2414;0,1583;0,8170;55,74862833;48,74367333;0,59604836;196,30000000;
79,729112;0,3694;0,1691;0,8531;55,74862833;48,74367333;0,59604836;196,30000000;
79,830005;0,1417;0,2502;0,9264;55,74862833;48,74367333;0,59604836;196,30000000;
79,930566;0,1280;0,2834;0,9704;55,74862833;48,74367333;0,59604836;196,30000000;
80,030877;0,0772;0,3215;0,7613;55,74862833;48,74367333;0,59604836;196,30000000;
80,131607;0,1143;0,3528;0,9870;55,74862833;48,74367333;0,59604836;196,30000000;
80,231689;0,1788;0,2531;1,1942;55,74862833;48,74367333;0,59604836;196,30000000;
80,332423;0,1309;0,3176;0,8453;55,74862833;48,74367333;0,59604836;196,30000000;
80,433353;-0,1231;0,1437;0,7876;55,74862833;48,74367333;0,59604836;196,20000000;
80,532808;0,2238;0,3176;0,9391;55,74863667;48,74368167;0,00000000;196,20000000;
80,633429;0,1739;0,2678;1,0476;55,74863667;48,74368167;0,00000000;196,20000000;
80,734122;0,1827;0,2521;1,0574;55,74863667;48,74368167;0,00000000;196,20000000;
80,834733;0,3127;0,1397;1,0749;55,74863667;48,74368167;0,00000000;196,20000000;
80,935451;0,3186;-0,1280;1,1492;55,74863667;48,74368167;0,00000000;196,20000000;
81,035812;0,1876;0,0410;0,7701;55,74863667;48,74368167;0,00000000;196,20000000;
81,136746;0,0000;0,1681;0,7642;55,74863667;48,74368167;0,00000000;196,20000000;
81,236402;-0,1456;0,2111;0,9137;55,74863667;48,74368167;0,00000000;196,20000000;
81,337413;-0,2502;0,2199;1,3486;55,74863667;48,74368167;0,00000000;196,20000000;
81,437648;-0,3147;-0,3088;1,8040;55,74863667;48,74368167;0,00000000;196,20000000;
81,537789;0,0107;0,1622;0,6557;55,74863667;48,74368167;0,00000000;196,20000000;
81,638184;-0,0430;0,0059;0,9499;55,74863667;48,74368167;0,00000000;196,20000000;
81,738910;0,2521;0,1466;0,8502;55,74863667;48,74368167;0,00000000;196,20000000;
81,839703;0,2081;0,1739;1,0554;55,74863667;48,74368167;0,00000000;196,20000000;
81,939995;-0,1173;-0,1612;1,4238;55,74863667;48,74368167;0,00000000;196,20000000;
82,040589;0,2648;0,2726;0,5805;55,74863667;48,74368167;0,00000000;196,20000000;
82,141487;0,1153;0,2472;0,9508;55,74863667;48,74368167;0,00000000;196,20000000;
82,241934;-0,0420;0,3870;0,9802;55,74863667;48,74368167;0,00000000;196,20000000;
82,343789;-0,0733;0,2844;1,0056;55,74863667;48,74368167;0,00000000;196,20000000;
82,443255;-0,2844;0,0596;1,0280;55,74863667;48,74368167;0,00000000;196,20000000;
82,543933;-0,0059;0,1173;0,8785;55,74863667;48,74368167;0,00000000;196,20000000;
82,644533;0,1212;0,1964;0,7749;55,74863667;48,74368167;0,00000000;196,20000000;
82,745460;0,0880;0,1652;1,0447;55,74863667;48,74368167;0,00000000;196,20000000;
82,845890;0,2336;0,2013;0,9499;55,74863667;48,74368167;0,00000000;196,20000000;
82,947093;0,2560;0,3166;0,8756;55,74863667;48,74368167;0,00000000;196,20000000;
83,047993;-0,0020;0,1544;0,7955;55,74863667;48,74368167;0,00000000;196,20000000;
83,148647;-0,0919;0,2463;0,8248;55,74863667;48,74368167;0,00000000;196,20000000;
83,249202;-0,1427;0,1827;1,2225;55,74863667;48,74368167;0,00000000;196,20000000;
83,349277;-0,0557;-0,0244;1,3026;55,74863667;48,74368167;0,00000000;196,20000000;
83,449928;-0,1026;0,0137;0,9772;55,74863667;48,74368167;0,00000000;196,20000000;
83,550176;-0,0391;0,2492;0,9723;55,74863667;48,74368167;0,00000000;196,20000000;
83,650767;-0,1378;0,2355;1,0222;55,74863667;48,74368167;0,00000000;196,20000000;
83,751637;-0,0684;0,2248;1,2763;55,74863667;48,74368167;0,00000000;196,20000000;
83,852111;-0,2101;0,4065;0,7935;55,74863667;48,74368167;0,00000000;196,20000000;
83,953566;0,3459;0,3313;0,4026;55,74863667;48,74368167;0,00000000;196,20000000;
84,053936;0,0694;0,2336;0,5648;55,74863667;48,74368167;0,00000000;196,20000000;
84,154460;-0,2863;0,0283;1,0476;55,74863667;48,74368167;0,00000000;196,20000000;
84,254972;0,1603;0,3782;0,9626;55,74863667;48,74368167;0,00000000;196,20000000;
84,355335;0,4485;0,4261;0,9606;55,74863667;48,74368167;0,00000000;196,20000000;
84,455726;-0,0147;-0,0909;1,1238;55,74863667;48,74368167;0,00000000;196,20000000;
84,556510;-0,0166;-0,0547;0,9987;55,74863667;48,74368167;0,00000000;196,20000000;
84,657684;-0,1573;-0,0322;0,9293;55,74863667;48,74368167;0,00000000;196,20000000;
84,757885;-0,2101;0,1681;1,0261;55,74863667;48,74368167;0,00000000;196,20000000;
84,859172;0,1309;0,0274;0,7964;55,74863667;48,74368167;0,00000000;196,20000000;
84,959353;-0,1153;0,1886;0,5619;55,74863667;48,74368167;0,00000000;196,20000000;
85,060101;0,1319;0,2130;0,8375;55,74863667;48,74368167;0,00000000;196,20000000;
85,160697;0,0762;0,2013;1,1238;55,74863667;48,74368167;0,00000000;196,20000000;
85,260926;-0,0117;0,1808;0,8629;55,74863667;48,74368167;0,00000000;196,20000000;
85,361703;0,0801;0,3440;0,9225;55,74863667;48,74368167;0,00000000;196,20000000;
85,462240;0,1642;0,3919;0,9078;55,74863667;48,74368167;0,00000000;196,20000000;
85,562515;0,2072;0,3713;0,9626;55,74863667;48,74368167;0,00000000;196,20000000;
85,663170;0,3371;0,2824;0,9645;55,74863667;48,74368167;0,00000000;196,20000000;
85,762938;0,1182;0,3381;0,9323;55,74863667;48,74368167;0,00000000;196,20000000;
85,863353;0,2023;0,2805;0,9069;55,74863667;48,74368167;0,00000000;196,20000000;
85,964259;0,0909;0,3332;0,8785;55,74863667;48,74368167;0,00000000;196,20000000;
86,064959;0,2287;0,4192;0,9157;55,74863667;48,74368167;0,00000000;196,20000000;
86,165849;0,1270;0,3342;0,9362;55,74863667;48,74368167;0,00000000;196,20000000;
86,264867;0,1339;0,3342;0,8883;55,74863667;48,74368167;0,00000000;196,20000000;
86,365664;0,1378;0,3401;0,9802;55,74863667;48,74368167;0,00000000;196,20000000;
86,466609;0,1652;0,3616;0,9118;55,74863667;48,74368167;0,00000000;196,20000000;
86,568022;0,1124;0,4134;0,9049;55,74863667;48,74368167;0,00000000;196,20000000;
86,668051;0,0489;0,0635;1,0916;55,74863667;48,74368167;0,00000000;196,20000000;
86,768633;0,2609;0,3283;0,9127;55,74863667;48,74368167;0,00000000;196,20000000;
86,868747;0,1329;0,2316;1,1766;55,74863667;48,74368167;0,00000000;196,20000000;
86,969753;-0,2052;0,3713;0,7847;55,74863667;48,74368167;0,00000000;196,20000000;
87,070255;0,1378;0,3557;0,9577;55,74863667;48,74368167;0,00000000;196,20000000;
87,170955;0,1984;0,3684;1,1062;55,74863667;48,74368167;0,00000000;196,20000000;
87,270188;-0,1466;0,2365;0,9127;55,74863667;48,74368167;0,00000000;196,20000000;
87,370395;-0,1417;0,2502;0,8306;55,74863667;48,74368167;0,00000000;196,20000000;
87,470666;-0,0430;0,2140;1,0378;55,74863667;48,74368167;0,00000000;196,20000000;
87,570615;0,0801;0,2042;0,9118;55,74863667;48,74368167;0,00000000;196,20000000;
87,670896;0,0098;0,2443;0,9733;55,74863667;48,74368167;0,00000000;196,20000000;
87,771041;0,0078;0,3293;0,9118;55,74863667;48,74368167;0,00000000;196,20000000;
87,871243;-0,0274;0,2990;0,9899;55,74863667;48,74368167;0,00000000;196,20000000;
87,971908;-0,0322;0,3000;1,0095;55,74863667;48,74368167;0,00000000;196,20000000;
88,072208;-0,0235;0,3049;0,9333;55,74863667;48,74368167;0,00000000;196,20000000;
88,173171;0,0029;0,3078;0,9987;55,74863667;48,74368167;0,00000000;196,20000000;
88,272407;-0,0586;0,3029;0,7788;55,74863667;48,74368167;0,00000000;196,20000000;
88,372513;0,0215;0,2678;1,0613;55,74863667;48,74368167;0,00000000;196,20000000;
